time,cloud_cover (%)
2024-10-10T14:00,24
2024-10-10T15:00,57
2024-10-10T16:00,85
2024-10-10T17:00,48
2024-10-10T18:00,15
2024-10-10T19:00,23
2024-10-10T20:00,1
2024-10-10T21:00,0
2024-10-10T22:00,0
2024-10-10T23:00,0
2024-10-11T00:00,0
2024-10-11T01:00,0
2024-10-11T02:00,2
2024-10-11T03:00,11
2024-10-11T04:00,26
2024-10-11T05:00,100
2024-10-11T06:00,100
2024-10-11T07:00,82
2024-10-11T08:00,24
2024-10-11T09:00,25
2024-10-11T10:00,11
2024-10-11T11:00,15
2024-10-11T12:00,14
2024-10-11T13:00,18
2024-10-11T14:00,20
2024-10-11T15:00,13
2024-10-11T16:00,5
2024-10-11T17:00,3
2024-10-11T18:00,0
2024-10-11T19:00,0
2024-10-11T20:00,0
2024-10-11T21:00,0
2024-10-11T22:00,0
2024-10-11T23:00,0
2024-10-12T00:00,0
2024-10-12T01:00,0
2024-10-12T02:00,0
2024-10-12T03:00,0
2024-10-12T04:00,0
2024-10-12T05:00,0
2024-10-12T06:00,0
2024-10-12T07:00,8
2024-10-12T08:00,3
2024-10-12T09:00,7
2024-10-12T10:00,20
2024-10-12T11:00,96
2024-10-12T12:00,90
2024-10-12T13:00,100
2024-10-12T14:00,100
2024-10-12T15:00,100
2024-10-12T16:00,100
2024-10-12T17:00,99
2024-10-12T18:00,100
2024-10-12T19:00,100
2024-10-12T20:00,80
2024-10-12T21:00,100
2024-10-12T22:00,100
2024-10-12T23:00,100
2024-10-13T00:00,100
2024-10-13T01:00,100
2024-10-13T02:00,89
2024-10-13T03:00,100
2024-10-13T04:00,100
2024-10-13T05:00,100
2024-10-13T06:00,100
2024-10-13T07:00,19
2024-10-13T08:00,50
2024-10-13T09:00,46
2024-10-13T10:00,61
2024-10-13T11:00,31
2024-10-13T12:00,55
2024-10-13T13:00,41
2024-10-13T14:00,65
2024-10-13T15:00,51
2024-10-13T16:00,29
2024-10-13T17:00,41
2024-10-13T18:00,50
2024-10-13T19:00,30
2024-10-13T20:00,62
2024-10-13T21:00,95
2024-10-13T22:00,64
2024-10-13T23:00,76
2024-10-14T00:00,6
2024-10-14T01:00,71
2024-10-14T02:00,65
2024-10-14T03:00,24
2024-10-14T04:00,26
2024-10-14T05:00,48
2024-10-14T06:00,57
2024-10-14T07:00,93
2024-10-14T08:00,94
2024-10-14T09:00,99
2024-10-14T10:00,100
2024-10-14T11:00,100
2024-10-14T12:00,100
2024-10-14T13:00,100
2024-10-14T14:00,100
2024-10-14T15:00,100
2024-10-14T16:00,100
2024-10-14T17:00,100
2024-10-14T18:00,100
2024-10-14T19:00,100
2024-10-14T20:00,100
2024-10-14T21:00,81
2024-10-14T22:00,100
2024-10-14T23:00,100
2024-10-15T00:00,100
2024-10-15T01:00,10
2024-10-15T02:00,6
2024-10-15T03:00,0
2024-10-15T04:00,20
2024-10-15T05:00,53
2024-10-15T06:00,97
2024-10-15T07:00,6
2024-10-15T08:00,2
2024-10-15T09:00,20
2024-10-15T10:00,62
2024-10-15T11:00,72
2024-10-15T12:00,64
2024-10-15T13:00,50
2024-10-15T14:00,37
2024-10-15T15:00,7
2024-10-15T16:00,0
2024-10-15T17:00,0
2024-10-15T18:00,1
2024-10-15T19:00,0
2024-10-15T20:00,2
2024-10-15T21:00,0
2024-10-15T22:00,0
2024-10-15T23:00,1
2024-10-16T00:00,14
2024-10-16T01:00,100
2024-10-16T02:00,100
2024-10-16T03:00,100
2024-10-16T04:00,100
2024-10-16T05:00,100
2024-10-16T06:00,4
2024-10-16T07:00,0
2024-10-16T08:00,10
2024-10-16T09:00,31
2024-10-16T10:00,18
2024-10-16T11:00,70
2024-10-16T12:00,96
2024-10-16T13:00,69
2024-10-16T14:00,100
2024-10-16T15:00,90
2024-10-16T16:00,1
2024-10-16T17:00,0
2024-10-16T18:00,28
2024-10-16T19:00,95
2024-10-16T20:00,5
2024-10-16T21:00,48
2024-10-16T22:00,23
2024-10-16T23:00,42
2024-10-17T00:00,0
2024-10-17T01:00,35
2024-10-17T02:00,55
2024-10-17T03:00,0
2024-10-17T04:00,0
2024-10-17T05:00,1
2024-10-17T06:00,2
2024-10-17T07:00,21
2024-10-17T08:00,81
2024-10-17T09:00,84
2024-10-17T10:00,18
2024-10-17T11:00,10
2024-10-17T12:00,45
2024-10-17T13:00,98
2024-10-17T14:00,100
2024-10-17T15:00,100
2024-10-17T16:00,100
2024-10-17T17:00,100
2024-10-17T18:00,99
2024-10-17T19:00,91
2024-10-17T20:00,100
2024-10-17T21:00,100
2024-10-17T22:00,100
2024-10-17T23:00,98
2024-10-18T00:00,99
2024-10-18T01:00,91
2024-10-18T02:00,24
2024-10-18T03:00,18
2024-10-18T04:00,80
2024-10-18T05:00,1
2024-10-18T06:00,83
2024-10-18T07:00,52
2024-10-18T08:00,56
2024-10-18T09:00,94
2024-10-18T10:00,100
2024-10-18T11:00,98
2024-10-18T12:00,98
2024-10-18T13:00,97
2024-10-18T14:00,97
2024-10-18T15:00,100
2024-10-18T16:00,97
2024-10-18T17:00,100
2024-10-18T18:00,100
2024-10-18T19:00,100
2024-10-18T20:00,100
2024-10-18T21:00,100
2024-10-18T22:00,43
2024-10-18T23:00,100
2024-10-19T00:00,100
2024-10-19T01:00,100
2024-10-19T02:00,100
2024-10-19T03:00,92
2024-10-19T04:00,81
2024-10-19T05:00,87
2024-10-19T06:00,13
2024-10-19T07:00,55
2024-10-19T08:00,29
2024-10-19T09:00,55
2024-10-19T10:00,100
2024-10-19T11:00,100
2024-10-19T12:00,100
2024-10-19T13:00,100
2024-10-19T14:00,100
2024-10-19T15:00,100
2024-10-19T16:00,100
2024-10-19T17:00,100
2024-10-19T18:00,100
2024-10-19T19:00,100
2024-10-19T20:00,100
2024-10-19T21:00,100
2024-10-19T22:00,100
2024-10-19T23:00,100
2024-10-20T00:00,100
2024-10-20T01:00,100
2024-10-20T02:00,100
2024-10-20T03:00,100
2024-10-20T04:00,100
2024-10-20T05:00,99
2024-10-20T06:00,99
2024-10-20T07:00,98
2024-10-20T08:00,81
2024-10-20T09:00,96
2024-10-20T10:00,0
2024-10-20T11:00,35
2024-10-20T12:00,97
2024-10-20T13:00,100
2024-10-20T14:00,100
2024-10-20T15:00,99
2024-10-20T16:00,100
2024-10-20T17:00,100
2024-10-20T18:00,100
2024-10-20T19:00,100
2024-10-20T20:00,100
2024-10-20T21:00,100
2024-10-20T22:00,100
2024-10-20T23:00,100
2024-10-21T00:00,100
2024-10-21T01:00,100
2024-10-21T02:00,100
2024-10-21T03:00,100
2024-10-21T04:00,100
2024-10-21T05:00,100
2024-10-21T06:00,100
2024-10-21T07:00,100
2024-10-21T08:00,100
2024-10-21T09:00,100
2024-10-21T10:00,100
2024-10-21T11:00,97
2024-10-21T12:00,100
2024-10-21T13:00,100
2024-10-21T14:00,100
2024-10-21T15:00,100
2024-10-21T16:00,100
2024-10-21T17:00,100
2024-10-21T18:00,100
2024-10-21T19:00,17
2024-10-21T20:00,99
2024-10-21T21:00,100
2024-10-21T22:00,100
2024-10-21T23:00,100
2024-10-22T00:00,100
2024-10-22T01:00,100
2024-10-22T02:00,50
2024-10-22T03:00,74
2024-10-22T04:00,12
2024-10-22T05:00,15
2024-10-22T06:00,15
2024-10-22T07:00,95
2024-10-22T08:00,100
2024-10-22T09:00,27
2024-10-22T10:00,100
2024-10-22T11:00,100
2024-10-22T12:00,100
2024-10-22T13:00,93
2024-10-22T14:00,54
2024-10-22T15:00,17
2024-10-22T16:00,68
2024-10-22T17:00,6
2024-10-22T18:00,39
2024-10-22T19:00,8
2024-10-22T20:00,21
2024-10-22T21:00,32
2024-10-22T22:00,40
2024-10-22T23:00,22
2024-10-23T00:00,0
2024-10-23T01:00,0
2024-10-23T02:00,0
2024-10-23T03:00,0
2024-10-23T04:00,0
2024-10-23T05:00,5
2024-10-23T06:00,2
2024-10-23T07:00,1
2024-10-23T08:00,1
2024-10-23T09:00,0
2024-10-23T10:00,54
2024-10-23T11:00,46
2024-10-23T12:00,99
2024-10-23T13:00,92
2024-10-23T14:00,64
2024-10-23T15:00,34
2024-10-23T16:00,12
2024-10-23T17:00,8
2024-10-23T18:00,10
2024-10-23T19:00,9
2024-10-23T20:00,25
2024-10-23T21:00,57
2024-10-23T22:00,15
2024-10-23T23:00,0
2024-10-24T00:00,0
2024-10-24T01:00,7
2024-10-24T02:00,100
2024-10-24T03:00,100
2024-10-24T04:00,100
2024-10-24T05:00,100
2024-10-24T06:00,100
2024-10-24T07:00,100
2024-10-24T08:00,96
2024-10-24T09:00,34
2024-10-24T10:00,20
2024-10-24T11:00,26
2024-10-24T12:00,49
2024-10-24T13:00,10
2024-10-24T14:00,8
2024-10-24T15:00,10
2024-10-24T16:00,52
2024-10-24T17:00,100
2024-10-24T18:00,100
2024-10-24T19:00,100
2024-10-24T20:00,98
2024-10-24T21:00,94
2024-10-24T22:00,23
2024-10-24T23:00,0
2024-10-25T00:00,0
2024-10-25T01:00,0
2024-10-25T02:00,0
2024-10-25T03:00,0
2024-10-25T04:00,0
2024-10-25T05:00,5
2024-10-25T06:00,0
2024-10-25T07:00,0
2024-10-25T08:00,0
2024-10-25T09:00,0
2024-10-25T10:00,0
2024-10-25T11:00,0
2024-10-25T12:00,0
2024-10-25T13:00,0
2024-10-25T14:00,0
2024-10-25T15:00,0
2024-10-25T16:00,0
2024-10-25T17:00,45
2024-10-25T18:00,11
2024-10-25T19:00,0
2024-10-25T20:00,0
2024-10-25T21:00,0
2024-10-25T22:00,0
2024-10-25T23:00,0
2024-10-26T00:00,0
2024-10-26T01:00,0
2024-10-26T02:00,0
2024-10-26T03:00,87
2024-10-26T04:00,100
2024-10-26T05:00,100
2024-10-26T06:00,100
2024-10-26T07:00,100
2024-10-26T08:00,100
2024-10-26T09:00,100
2024-10-26T10:00,100
2024-10-26T11:00,92
2024-10-26T12:00,42
2024-10-26T13:00,7
2024-10-26T14:00,3
2024-10-26T15:00,21
2024-10-26T16:00,32
2024-10-26T17:00,0
2024-10-26T18:00,27
2024-10-26T19:00,1
2024-10-26T20:00,23
2024-10-26T21:00,10
2024-10-26T22:00,0
2024-10-26T23:00,0
2024-10-27T00:00,0
2024-10-27T01:00,61
2024-10-27T02:00,100
2024-10-27T03:00,0
2024-10-27T04:00,21
2024-10-27T05:00,6
2024-10-27T06:00,64
2024-10-27T07:00,40
2024-10-27T08:00,93
2024-10-27T09:00,22
2024-10-27T10:00,41
2024-10-27T11:00,18
2024-10-27T12:00,27
2024-10-27T13:00,100
2024-10-27T14:00,100
2024-10-27T15:00,100
2024-10-27T16:00,99
2024-10-27T17:00,100
2024-10-27T18:00,78
2024-10-27T19:00,0
2024-10-27T20:00,0
2024-10-27T21:00,0
2024-10-27T22:00,0
2024-10-27T23:00,1
2024-10-28T00:00,0
2024-10-28T01:00,25
2024-10-28T02:00,95
2024-10-28T03:00,94
2024-10-28T04:00,100
2024-10-28T05:00,100
2024-10-28T06:00,100
2024-10-28T07:00,100
2024-10-28T08:00,100
2024-10-28T09:00,100
2024-10-28T10:00,89
2024-10-28T11:00,100
2024-10-28T12:00,68
2024-10-28T13:00,100
2024-10-28T14:00,100
2024-10-28T15:00,100
2024-10-28T16:00,100
2024-10-28T17:00,100
2024-10-28T18:00,100
2024-10-28T19:00,100
2024-10-28T20:00,100
2024-10-28T21:00,100
2024-10-28T22:00,100
2024-10-28T23:00,100
2024-10-29T00:00,100
2024-10-29T01:00,100
2024-10-29T02:00,100
2024-10-29T03:00,100
2024-10-29T04:00,84
2024-10-29T05:00,100
2024-10-29T06:00,100
2024-10-29T07:00,100
2024-10-29T08:00,100
2024-10-29T09:00,100
2024-10-29T10:00,100
2024-10-29T11:00,100
2024-10-29T12:00,100
2024-10-29T13:00,100
2024-10-29T14:00,100
2024-10-29T15:00,100
2024-10-29T16:00,100
2024-10-29T17:00,100
2024-10-29T18:00,100
2024-10-29T19:00,100
2024-10-29T20:00,99
2024-10-29T21:00,99
2024-10-29T22:00,91
2024-10-29T23:00,100
2024-10-30T00:00,100
2024-10-30T01:00,78
2024-10-30T02:00,87
2024-10-30T03:00,100
2024-10-30T04:00,91
2024-10-30T05:00,100
2024-10-30T06:00,100
2024-10-30T07:00,100
2024-10-30T08:00,100
2024-10-30T09:00,100
2024-10-30T10:00,100
2024-10-30T11:00,100
2024-10-30T12:00,100
2024-10-30T13:00,100
2024-10-30T14:00,100
2024-10-30T15:00,100
2024-10-30T16:00,99
2024-10-30T17:00,100
2024-10-30T18:00,100
2024-10-30T19:00,98
2024-10-30T20:00,100
2024-10-30T21:00,100
2024-10-30T22:00,100
2024-10-30T23:00,100
2024-10-31T00:00,100
2024-10-31T01:00,100
2024-10-31T02:00,100
2024-10-31T03:00,100
2024-10-31T04:00,100
2024-10-31T05:00,100
2024-10-31T06:00,100
2024-10-31T07:00,100
2024-10-31T08:00,100
2024-10-31T09:00,100
2024-10-31T10:00,100
2024-10-31T11:00,98
2024-10-31T12:00,100
2024-10-31T13:00,100
2024-10-31T14:00,100
2024-10-31T15:00,100
2024-10-31T16:00,100
2024-10-31T17:00,79
2024-10-31T18:00,88
2024-10-31T19:00,100
2024-10-31T20:00,100
2024-10-31T21:00,98
2024-10-31T22:00,40
2024-10-31T23:00,6
2024-11-01T00:00,9
2024-11-01T01:00,9
2024-11-01T02:00,12
2024-11-01T03:00,31
2024-11-01T04:00,100
2024-11-01T05:00,100
2024-11-01T06:00,100
2024-11-01T07:00,100
2024-11-01T08:00,100
2024-11-01T09:00,100
2024-11-01T10:00,100
2024-11-01T11:00,100
2024-11-01T12:00,100
2024-11-01T13:00,100
2024-11-01T14:00,100
2024-11-01T15:00,100
2024-11-01T16:00,100
2024-11-01T17:00,100
2024-11-01T18:00,100
2024-11-01T19:00,100
2024-11-01T20:00,100
2024-11-01T21:00,100
2024-11-01T22:00,100
2024-11-01T23:00,100
2024-11-02T00:00,100
2024-11-02T01:00,100
2024-11-02T02:00,100
2024-11-02T03:00,100
2024-11-02T04:00,97
2024-11-02T05:00,97
2024-11-02T06:00,99
2024-11-02T07:00,95
2024-11-02T08:00,100
2024-11-02T09:00,88
2024-11-02T10:00,3
2024-11-02T11:00,79
2024-11-02T12:00,86
2024-11-02T13:00,29
2024-11-02T14:00,43
2024-11-02T15:00,0
2024-11-02T16:00,2
2024-11-02T17:00,1
2024-11-02T18:00,18
2024-11-02T19:00,12
2024-11-02T20:00,85
2024-11-02T21:00,81
2024-11-02T22:00,100
2024-11-02T23:00,100
2024-11-03T00:00,100
2024-11-03T01:00,99
2024-11-03T02:00,100
2024-11-03T03:00,98
2024-11-03T04:00,93
2024-11-03T05:00,100
2024-11-03T06:00,97
2024-11-03T07:00,98
2024-11-03T08:00,98
2024-11-03T09:00,88
2024-11-03T10:00,79
2024-11-03T11:00,61
2024-11-03T12:00,28
2024-11-03T13:00,82
2024-11-03T14:00,37
2024-11-03T15:00,27
2024-11-03T16:00,86
2024-11-03T17:00,78
2024-11-03T18:00,98
2024-11-03T19:00,96
2024-11-03T20:00,100
2024-11-03T21:00,100
2024-11-03T22:00,100
2024-11-03T23:00,100
2024-11-04T00:00,100
2024-11-04T01:00,100
2024-11-04T02:00,100
2024-11-04T03:00,100
2024-11-04T04:00,100
2024-11-04T05:00,100
2024-11-04T06:00,100
2024-11-04T07:00,100
2024-11-04T08:00,100
2024-11-04T09:00,87
2024-11-04T10:00,89
2024-11-04T11:00,100
2024-11-04T12:00,100
2024-11-04T13:00,100
2024-11-04T14:00,100
2024-11-04T15:00,100
2024-11-04T16:00,100
2024-11-04T17:00,100
2024-11-04T18:00,100
2024-11-04T19:00,100
2024-11-04T20:00,100
2024-11-04T21:00,100
2024-11-04T22:00,100
2024-11-04T23:00,100
2024-11-05T00:00,100
2024-11-05T01:00,89
2024-11-05T02:00,31
2024-11-05T03:00,7
2024-11-05T04:00,0
2024-11-05T05:00,0
2024-11-05T06:00,3
2024-11-05T07:00,3
2024-11-05T08:00,47
2024-11-05T09:00,73
2024-11-05T10:00,99
2024-11-05T11:00,97
2024-11-05T12:00,75
2024-11-05T13:00,100
2024-11-05T14:00,100
2024-11-05T15:00,100
2024-11-05T16:00,100
2024-11-05T17:00,100
2024-11-05T18:00,100
2024-11-05T19:00,100
2024-11-05T20:00,100
2024-11-05T21:00,100
2024-11-05T22:00,99
2024-11-05T23:00,100
2024-11-06T00:00,100
2024-11-06T01:00,100
2024-11-06T02:00,100
2024-11-06T03:00,100
2024-11-06T04:00,100
2024-11-06T05:00,100
2024-11-06T06:00,100
2024-11-06T07:00,100
2024-11-06T08:00,100
2024-11-06T09:00,100
2024-11-06T10:00,100
2024-11-06T11:00,100
2024-11-06T12:00,100
2024-11-06T13:00,100
2024-11-06T14:00,100
2024-11-06T15:00,100
2024-11-06T16:00,100
2024-11-06T17:00,100
2024-11-06T18:00,100
2024-11-06T19:00,100
2024-11-06T20:00,100
2024-11-06T21:00,100
2024-11-06T22:00,100
2024-11-06T23:00,100
2024-11-07T00:00,100
2024-11-07T01:00,100
2024-11-07T02:00,100
2024-11-07T03:00,100
2024-11-07T04:00,100
2024-11-07T05:00,100
2024-11-07T06:00,100
2024-11-07T07:00,100
2024-11-07T08:00,100
2024-11-07T09:00,100
2024-11-07T10:00,100
2024-11-07T11:00,100
2024-11-07T12:00,100
2024-11-07T13:00,100
2024-11-07T14:00,100
2024-11-07T15:00,100
2024-11-07T16:00,100
2024-11-07T17:00,100
2024-11-07T18:00,100
2024-11-07T19:00,100
2024-11-07T20:00,98
2024-11-07T21:00,100
2024-11-07T22:00,100
2024-11-07T23:00,100
2024-11-08T00:00,100
2024-11-08T01:00,87
2024-11-08T02:00,92
2024-11-08T03:00,97
2024-11-08T04:00,100
2024-11-08T05:00,100
2024-11-08T06:00,100
2024-11-08T07:00,100
2024-11-08T08:00,79
2024-11-08T09:00,76
2024-11-08T10:00,100
2024-11-08T11:00,100
2024-11-08T12:00,100
2024-11-08T13:00,100
2024-11-08T14:00,100
2024-11-08T15:00,100
2024-11-08T16:00,100
2024-11-08T17:00,100
2024-11-08T18:00,29
2024-11-08T19:00,13
2024-11-08T20:00,8
2024-11-08T21:00,3
2024-11-08T22:00,4
2024-11-08T23:00,14
2024-11-09T00:00,19
2024-11-09T01:00,100
2024-11-09T02:00,100
2024-11-09T03:00,97
2024-11-09T04:00,95
2024-11-09T05:00,94
2024-11-09T06:00,73
2024-11-09T07:00,86
2024-11-09T08:00,84
2024-11-09T09:00,89
2024-11-09T10:00,99
2024-11-09T11:00,100
2024-11-09T12:00,100
2024-11-09T13:00,100
2024-11-09T14:00,98
2024-11-09T15:00,100
2024-11-09T16:00,95
2024-11-09T17:00,89
2024-11-09T18:00,83
2024-11-09T19:00,32
2024-11-09T20:00,1
2024-11-09T21:00,15
2024-11-09T22:00,27
2024-11-09T23:00,65
2024-11-10T00:00,96
2024-11-10T01:00,100
2024-11-10T02:00,100
2024-11-10T03:00,100
2024-11-10T04:00,100
2024-11-10T05:00,100
2024-11-10T06:00,100
2024-11-10T07:00,100
2024-11-10T08:00,100
2024-11-10T09:00,100
2024-11-10T10:00,100
2024-11-10T11:00,100
2024-11-10T12:00,100
2024-11-10T13:00,100
2024-11-10T14:00,100
2024-11-10T15:00,100
2024-11-10T16:00,100
2024-11-10T17:00,100
2024-11-10T18:00,100
2024-11-10T19:00,100
2024-11-10T20:00,100
2024-11-10T21:00,100
2024-11-10T22:00,100
2024-11-10T23:00,100
2024-11-11T00:00,100
2024-11-11T01:00,100
2024-11-11T02:00,100
2024-11-11T03:00,84
2024-11-11T04:00,47
2024-11-11T05:00,100
2024-11-11T06:00,100
2024-11-11T07:00,100
2024-11-11T08:00,100
2024-11-11T09:00,100
2024-11-11T10:00,66
2024-11-11T11:00,47
2024-11-11T12:00,96
2024-11-11T13:00,100
2024-11-11T14:00,100
2024-11-11T15:00,100
2024-11-11T16:00,100
2024-11-11T17:00,100
2024-11-11T18:00,100
2024-11-11T19:00,100
2024-11-11T20:00,100
2024-11-11T21:00,100
2024-11-11T22:00,100
2024-11-11T23:00,100
2024-11-12T00:00,100
2024-11-12T01:00,100
2024-11-12T02:00,100
2024-11-12T03:00,100
2024-11-12T04:00,100
2024-11-12T05:00,100
2024-11-12T06:00,100
2024-11-12T07:00,83
2024-11-12T08:00,88
2024-11-12T09:00,100
2024-11-12T10:00,100
2024-11-12T11:00,100
2024-11-12T12:00,100
2024-11-12T13:00,100
2024-11-12T14:00,100
2024-11-12T15:00,100
2024-11-12T16:00,97
2024-11-12T17:00,100
2024-11-12T18:00,99
2024-11-12T19:00,100
2024-11-12T20:00,100
2024-11-12T21:00,100
2024-11-12T22:00,100
2024-11-12T23:00,100
2024-11-13T00:00,100
2024-11-13T01:00,100
2024-11-13T02:00,100
2024-11-13T03:00,100
2024-11-13T04:00,100
2024-11-13T05:00,100
2024-11-13T06:00,100
2024-11-13T07:00,100
2024-11-13T08:00,100
2024-11-13T09:00,100
2024-11-13T10:00,97
2024-11-13T11:00,89
2024-11-13T12:00,67
2024-11-13T13:00,45
2024-11-13T14:00,55
2024-11-13T15:00,39
2024-11-13T16:00,28
2024-11-13T17:00,18
2024-11-13T18:00,26
2024-11-13T19:00,94
2024-11-13T20:00,100
2024-11-13T21:00,100
2024-11-13T22:00,100
2024-11-13T23:00,99
2024-11-14T00:00,20
2024-11-14T01:00,69
2024-11-14T02:00,100
2024-11-14T03:00,100
2024-11-14T04:00,100
2024-11-14T05:00,100
2024-11-14T06:00,100
2024-11-14T07:00,100
2024-11-14T08:00,100
2024-11-14T09:00,100
2024-11-14T10:00,87
2024-11-14T11:00,100
2024-11-14T12:00,100
2024-11-14T13:00,100
2024-11-14T14:00,100
2024-11-14T15:00,100
2024-11-14T16:00,100
2024-11-14T17:00,100
2024-11-14T18:00,100
2024-11-14T19:00,100
2024-11-14T20:00,100
2024-11-14T21:00,100
2024-11-14T22:00,100
2024-11-14T23:00,99
2024-11-15T00:00,99
2024-11-15T01:00,100
2024-11-15T02:00,100
2024-11-15T03:00,100
2024-11-15T04:00,100
2024-11-15T05:00,100
2024-11-15T06:00,100
2024-11-15T07:00,100
2024-11-15T08:00,100
2024-11-15T09:00,100
2024-11-15T10:00,100
2024-11-15T11:00,100
2024-11-15T12:00,100
2024-11-15T13:00,93
2024-11-15T14:00,100
2024-11-15T15:00,100
2024-11-15T16:00,100
2024-11-15T17:00,100
2024-11-15T18:00,100
2024-11-15T19:00,100
2024-11-15T20:00,100
2024-11-15T21:00,100
2024-11-15T22:00,100
2024-11-15T23:00,100
2024-11-16T00:00,100
2024-11-16T01:00,93
2024-11-16T02:00,3
2024-11-16T03:00,1
2024-11-16T04:00,2
2024-11-16T05:00,3
2024-11-16T06:00,35
2024-11-16T07:00,9
2024-11-16T08:00,2
2024-11-16T09:00,14
2024-11-16T10:00,43
2024-11-16T11:00,77
2024-11-16T12:00,100
2024-11-16T13:00,100
2024-11-16T14:00,100
2024-11-16T15:00,100
2024-11-16T16:00,91
2024-11-16T17:00,100
2024-11-16T18:00,100
2024-11-16T19:00,100
2024-11-16T20:00,100
2024-11-16T21:00,100
2024-11-16T22:00,100
2024-11-16T23:00,100
2024-11-17T00:00,100
2024-11-17T01:00,100
2024-11-17T02:00,100
2024-11-17T03:00,100
2024-11-17T04:00,100
2024-11-17T05:00,100
2024-11-17T06:00,100
2024-11-17T07:00,100
2024-11-17T08:00,100
2024-11-17T09:00,100
2024-11-17T10:00,100
2024-11-17T11:00,100
2024-11-17T12:00,100
2024-11-17T13:00,82
2024-11-17T14:00,56
2024-11-17T15:00,6
2024-11-17T16:00,3
2024-11-17T17:00,97
2024-11-17T18:00,100
2024-11-17T19:00,85
2024-11-17T20:00,100
2024-11-17T21:00,100
2024-11-17T22:00,100
2024-11-17T23:00,100
2024-11-18T00:00,100
2024-11-18T01:00,100
2024-11-18T02:00,85
2024-11-18T03:00,98
2024-11-18T04:00,100
2024-11-18T05:00,31
2024-11-18T06:00,28
2024-11-18T07:00,16
2024-11-18T08:00,31
2024-11-18T09:00,74
2024-11-18T10:00,100
2024-11-18T11:00,100
2024-11-18T12:00,39
2024-11-18T13:00,35
2024-11-18T14:00,87
2024-11-18T15:00,48
2024-11-18T16:00,12
2024-11-18T17:00,44
2024-11-18T18:00,13
2024-11-18T19:00,44
2024-11-18T20:00,81
2024-11-18T21:00,100
2024-11-18T22:00,89
2024-11-18T23:00,82
2024-11-19T00:00,100
2024-11-19T01:00,100
2024-11-19T02:00,100
2024-11-19T03:00,100
2024-11-19T04:00,100
2024-11-19T05:00,100
2024-11-19T06:00,100
2024-11-19T07:00,100
2024-11-19T08:00,100
2024-11-19T09:00,100
2024-11-19T10:00,100
2024-11-19T11:00,100
2024-11-19T12:00,100
2024-11-19T13:00,100
2024-11-19T14:00,100
2024-11-19T15:00,100
2024-11-19T16:00,100
2024-11-19T17:00,100
2024-11-19T18:00,100
2024-11-19T19:00,100
2024-11-19T20:00,100
2024-11-19T21:00,100
2024-11-19T22:00,100
2024-11-19T23:00,100
2024-11-20T00:00,100
2024-11-20T01:00,100
2024-11-20T02:00,100
2024-11-20T03:00,100
2024-11-20T04:00,100
2024-11-20T05:00,100
2024-11-20T06:00,100
2024-11-20T07:00,100
2024-11-20T08:00,100
2024-11-20T09:00,100
2024-11-20T10:00,100
2024-11-20T11:00,100
2024-11-20T12:00,100
2024-11-20T13:00,100
2024-11-20T14:00,58
2024-11-20T15:00,63
2024-11-20T16:00,91
2024-11-20T17:00,100
2024-11-20T18:00,100
2024-11-20T19:00,100
2024-11-20T20:00,100
2024-11-20T21:00,100
2024-11-20T22:00,100
2024-11-20T23:00,100
2024-11-21T00:00,100
2024-11-21T01:00,100
2024-11-21T02:00,100
2024-11-21T03:00,100
2024-11-21T04:00,100
2024-11-21T05:00,100
2024-11-21T06:00,100
2024-11-21T07:00,100
2024-11-21T08:00,100
2024-11-21T09:00,90
2024-11-21T10:00,73
2024-11-21T11:00,25
2024-11-21T12:00,100
2024-11-21T13:00,48
2024-11-21T14:00,54
2024-11-21T15:00,60
2024-11-21T16:00,7
2024-11-21T17:00,1
2024-11-21T18:00,1
2024-11-21T19:00,11
2024-11-21T20:00,30
2024-11-21T21:00,100
2024-11-21T22:00,79
2024-11-21T23:00,43
2024-11-22T00:00,100
2024-11-22T01:00,98
2024-11-22T02:00,98
2024-11-22T03:00,100
2024-11-22T04:00,100
2024-11-22T05:00,100
2024-11-22T06:00,100
2024-11-22T07:00,100
2024-11-22T08:00,100
2024-11-22T09:00,100
2024-11-22T10:00,100
2024-11-22T11:00,99
2024-11-22T12:00,99
2024-11-22T13:00,100
2024-11-22T14:00,100
2024-11-22T15:00,85
2024-11-22T16:00,96
2024-11-22T17:00,96
2024-11-22T18:00,100
2024-11-22T19:00,100
2024-11-22T20:00,100
2024-11-22T21:00,100
2024-11-22T22:00,100
2024-11-22T23:00,95
2024-11-23T00:00,4
2024-11-23T01:00,10
2024-11-23T02:00,98
2024-11-23T03:00,99
2024-11-23T04:00,100
2024-11-23T05:00,96
2024-11-23T06:00,99
2024-11-23T07:00,77
2024-11-23T08:00,94
2024-11-23T09:00,100
2024-11-23T10:00,100
2024-11-23T11:00,92
2024-11-23T12:00,96
2024-11-23T13:00,80
2024-11-23T14:00,42
2024-11-23T15:00,11
2024-11-23T16:00,99
2024-11-23T17:00,100
2024-11-23T18:00,99
2024-11-23T19:00,100
2024-11-23T20:00,100
2024-11-23T21:00,100
2024-11-23T22:00,100
2024-11-23T23:00,100
2024-11-24T00:00,100
2024-11-24T01:00,100
2024-11-24T02:00,100
2024-11-24T03:00,100
2024-11-24T04:00,100
2024-11-24T05:00,100
2024-11-24T06:00,100
2024-11-24T07:00,100
2024-11-24T08:00,100
2024-11-24T09:00,100
2024-11-24T10:00,100
2024-11-24T11:00,100
2024-11-24T12:00,100
2024-11-24T13:00,100
2024-11-24T14:00,100
2024-11-24T15:00,100
2024-11-24T16:00,100
2024-11-24T17:00,99
2024-11-24T18:00,100
2024-11-24T19:00,100
2024-11-24T20:00,100
2024-11-24T21:00,98
2024-11-24T22:00,100
2024-11-24T23:00,99
2024-11-25T00:00,99
2024-11-25T01:00,100
2024-11-25T02:00,98
2024-11-25T03:00,94
2024-11-25T04:00,76
2024-11-25T05:00,70
2024-11-25T06:00,48
2024-11-25T07:00,98
2024-11-25T08:00,98
2024-11-25T09:00,100
2024-11-25T10:00,81
2024-11-25T11:00,100
2024-11-25T12:00,100
2024-11-25T13:00,98
2024-11-25T14:00,100
2024-11-25T15:00,72
2024-11-25T16:00,100
2024-11-25T17:00,85
2024-11-25T18:00,59
2024-11-25T19:00,43
2024-11-25T20:00,99
2024-11-25T21:00,100
2024-11-25T22:00,100
2024-11-25T23:00,100
2024-11-26T00:00,100
2024-11-26T01:00,100
2024-11-26T02:00,100
2024-11-26T03:00,100
2024-11-26T04:00,100
2024-11-26T05:00,100
2024-11-26T06:00,100
2024-11-26T07:00,100
2024-11-26T08:00,100
2024-11-26T09:00,100
2024-11-26T10:00,100
2024-11-26T11:00,60
2024-11-26T12:00,0
2024-11-26T13:00,4
2024-11-26T14:00,7
2024-11-26T15:00,52
2024-11-26T16:00,17
2024-11-26T17:00,10
2024-11-26T18:00,22
2024-11-26T19:00,26
2024-11-26T20:00,5
2024-11-26T21:00,14
2024-11-26T22:00,18
2024-11-26T23:00,36
2024-11-27T00:00,56
2024-11-27T01:00,30
2024-11-27T02:00,25
2024-11-27T03:00,10
2024-11-27T04:00,6
2024-11-27T05:00,10
2024-11-27T06:00,27
2024-11-27T07:00,100
2024-11-27T08:00,100
2024-11-27T09:00,100
2024-11-27T10:00,100
2024-11-27T11:00,82
2024-11-27T12:00,73
2024-11-27T13:00,100
2024-11-27T14:00,100
2024-11-27T15:00,100
2024-11-27T16:00,98
2024-11-27T17:00,90
2024-11-27T18:00,100
2024-11-27T19:00,100
2024-11-27T20:00,100
2024-11-27T21:00,100
2024-11-27T22:00,100
2024-11-27T23:00,89
2024-11-28T00:00,31
2024-11-28T01:00,29
2024-11-28T02:00,45
2024-11-28T03:00,100
2024-11-28T04:00,100
2024-11-28T05:00,100
2024-11-28T06:00,100
2024-11-28T07:00,100
2024-11-28T08:00,100
2024-11-28T09:00,100
2024-11-28T10:00,100
2024-11-28T11:00,100
2024-11-28T12:00,100
2024-11-28T13:00,100
2024-11-28T14:00,100
2024-11-28T15:00,100
2024-11-28T16:00,100
2024-11-28T17:00,100
2024-11-28T18:00,100
2024-11-28T19:00,100
2024-11-28T20:00,100
2024-11-28T21:00,100
2024-11-28T22:00,100
2024-11-28T23:00,100
2024-11-29T00:00,100
2024-11-29T01:00,100
2024-11-29T02:00,59
2024-11-29T03:00,44
2024-11-29T04:00,36
2024-11-29T05:00,8
2024-11-29T06:00,30
2024-11-29T07:00,13
2024-11-29T08:00,9
2024-11-29T09:00,28
2024-11-29T10:00,38
2024-11-29T11:00,100
2024-11-29T12:00,100
2024-11-29T13:00,100
2024-11-29T14:00,100
2024-11-29T15:00,100
2024-11-29T16:00,99
2024-11-29T17:00,89
2024-11-29T18:00,87
2024-11-29T19:00,97
2024-11-29T20:00,94
2024-11-29T21:00,98
2024-11-29T22:00,100
2024-11-29T23:00,100
2024-11-30T00:00,100
2024-11-30T01:00,100
2024-11-30T02:00,100
2024-11-30T03:00,96
2024-11-30T04:00,40
2024-11-30T05:00,42
2024-11-30T06:00,7
2024-11-30T07:00,66
2024-11-30T08:00,57
2024-11-30T09:00,5
2024-11-30T10:00,72
2024-11-30T11:00,100
2024-11-30T12:00,45
2024-11-30T13:00,19
2024-11-30T14:00,3
2024-11-30T15:00,0
2024-11-30T16:00,8
2024-11-30T17:00,59
2024-11-30T18:00,97
2024-11-30T19:00,97
2024-11-30T20:00,96
2024-11-30T21:00,94
2024-11-30T22:00,37
2024-11-30T23:00,16
2024-12-01T00:00,0
2024-12-01T01:00,0
2024-12-01T02:00,0
2024-12-01T03:00,0
2024-12-01T04:00,0
2024-12-01T05:00,0
2024-12-01T06:00,0
2024-12-01T07:00,0
2024-12-01T08:00,0
2024-12-01T09:00,0
2024-12-01T10:00,0
2024-12-01T11:00,0
2024-12-01T12:00,0
2024-12-01T13:00,0
2024-12-01T14:00,0
2024-12-01T15:00,0
2024-12-01T16:00,0
2024-12-01T17:00,0
2024-12-01T18:00,0
2024-12-01T19:00,0
2024-12-01T20:00,0
2024-12-01T21:00,1
2024-12-01T22:00,0
2024-12-01T23:00,0
2024-12-02T00:00,0
2024-12-02T01:00,2
2024-12-02T02:00,2
2024-12-02T03:00,29
2024-12-02T04:00,77
2024-12-02T05:00,99
2024-12-02T06:00,100
2024-12-02T07:00,100
2024-12-02T08:00,100
2024-12-02T09:00,100
2024-12-02T10:00,100
2024-12-02T11:00,100
2024-12-02T12:00,94
2024-12-02T13:00,86
2024-12-02T14:00,74
2024-12-02T15:00,28
2024-12-02T16:00,59
2024-12-02T17:00,84
2024-12-02T18:00,95
2024-12-02T19:00,100
2024-12-02T20:00,100
2024-12-02T21:00,100
2024-12-02T22:00,91
2024-12-02T23:00,98
2024-12-03T00:00,100
2024-12-03T01:00,100
2024-12-03T02:00,100
2024-12-03T03:00,100
2024-12-03T04:00,100
2024-12-03T05:00,100
2024-12-03T06:00,100
2024-12-03T07:00,100
2024-12-03T08:00,100
2024-12-03T09:00,100
2024-12-03T10:00,100
2024-12-03T11:00,100
2024-12-03T12:00,100
2024-12-03T13:00,100
2024-12-03T14:00,100
2024-12-03T15:00,88
2024-12-03T16:00,98
2024-12-03T17:00,100
2024-12-03T18:00,100
2024-12-03T19:00,100
2024-12-03T20:00,100
2024-12-03T21:00,100
2024-12-03T22:00,100
2024-12-03T23:00,100
2024-12-04T00:00,100
2024-12-04T01:00,100
2024-12-04T02:00,100
2024-12-04T03:00,100
2024-12-04T04:00,100
2024-12-04T05:00,100
2024-12-04T06:00,100
2024-12-04T07:00,100
2024-12-04T08:00,100
2024-12-04T09:00,100
2024-12-04T10:00,100
2024-12-04T11:00,99
2024-12-04T12:00,100
2024-12-04T13:00,100
2024-12-04T14:00,95
2024-12-04T15:00,88
2024-12-04T16:00,87
2024-12-04T17:00,32
2024-12-04T18:00,100
2024-12-04T19:00,100
2024-12-04T20:00,100
2024-12-04T21:00,100
2024-12-04T22:00,100
2024-12-04T23:00,100
2024-12-05T00:00,100
2024-12-05T01:00,100
2024-12-05T02:00,100
2024-12-05T03:00,100
2024-12-05T04:00,100
2024-12-05T05:00,100
2024-12-05T06:00,100
2024-12-05T07:00,100
2024-12-05T08:00,100
2024-12-05T09:00,100
2024-12-05T10:00,100
2024-12-05T11:00,100
2024-12-05T12:00,86
2024-12-05T13:00,80
2024-12-05T14:00,19
2024-12-05T15:00,78
2024-12-05T16:00,77
2024-12-05T17:00,90
2024-12-05T18:00,100
2024-12-05T19:00,100
2024-12-05T20:00,100
2024-12-05T21:00,99
2024-12-05T22:00,100
2024-12-05T23:00,100
2024-12-06T00:00,100
2024-12-06T01:00,100
2024-12-06T02:00,100
2024-12-06T03:00,100
2024-12-06T04:00,100
2024-12-06T05:00,100
2024-12-06T06:00,100
2024-12-06T07:00,100
2024-12-06T08:00,100
2024-12-06T09:00,100
2024-12-06T10:00,100
2024-12-06T11:00,100
2024-12-06T12:00,100
2024-12-06T13:00,90
2024-12-06T14:00,77
2024-12-06T15:00,99
2024-12-06T16:00,100
2024-12-06T17:00,100
2024-12-06T18:00,1
2024-12-06T19:00,25
2024-12-06T20:00,21
2024-12-06T21:00,1
2024-12-06T22:00,16
2024-12-06T23:00,100
2024-12-07T00:00,100
2024-12-07T01:00,100
2024-12-07T02:00,100
2024-12-07T03:00,100
2024-12-07T04:00,100
2024-12-07T05:00,100
2024-12-07T06:00,100
2024-12-07T07:00,100
2024-12-07T08:00,100
2024-12-07T09:00,100
2024-12-07T10:00,100
2024-12-07T11:00,100
2024-12-07T12:00,100
2024-12-07T13:00,100
2024-12-07T14:00,100
2024-12-07T15:00,100
2024-12-07T16:00,100
2024-12-07T17:00,100
2024-12-07T18:00,100
2024-12-07T19:00,100
2024-12-07T20:00,100
2024-12-07T21:00,100
2024-12-07T22:00,100
2024-12-07T23:00,100
2024-12-08T00:00,100
2024-12-08T01:00,100
2024-12-08T02:00,100
2024-12-08T03:00,100
2024-12-08T04:00,100
2024-12-08T05:00,100
2024-12-08T06:00,100
2024-12-08T07:00,100
2024-12-08T08:00,100
2024-12-08T09:00,100
2024-12-08T10:00,100
2024-12-08T11:00,100
2024-12-08T12:00,100
2024-12-08T13:00,100
2024-12-08T14:00,100
2024-12-08T15:00,100
2024-12-08T16:00,100
2024-12-08T17:00,100
2024-12-08T18:00,100
2024-12-08T19:00,100
2024-12-08T20:00,100
2024-12-08T21:00,100
2024-12-08T22:00,100
2024-12-08T23:00,100
2024-12-09T00:00,100
2024-12-09T01:00,100
2024-12-09T02:00,100
2024-12-09T03:00,100
2024-12-09T04:00,100
2024-12-09T05:00,100
2024-12-09T06:00,100
2024-12-09T07:00,100
2024-12-09T08:00,100
2024-12-09T09:00,100
2024-12-09T10:00,100
2024-12-09T11:00,100
2024-12-09T12:00,100
2024-12-09T13:00,100
2024-12-09T14:00,100
2024-12-09T15:00,100
2024-12-09T16:00,100
2024-12-09T17:00,100
2024-12-09T18:00,100
2024-12-09T19:00,100
2024-12-09T20:00,100
2024-12-09T21:00,100
2024-12-09T22:00,100
2024-12-09T23:00,100
2024-12-10T00:00,100
2024-12-10T01:00,100
2024-12-10T02:00,100
2024-12-10T03:00,100
2024-12-10T04:00,100
2024-12-10T05:00,100
2024-12-10T06:00,100
2024-12-10T07:00,100
2024-12-10T08:00,100
2024-12-10T09:00,100
2024-12-10T10:00,100
2024-12-10T11:00,100
2024-12-10T12:00,100
2024-12-10T13:00,100
2024-12-10T14:00,100
2024-12-10T15:00,100
2024-12-10T16:00,100
2024-12-10T17:00,100
2024-12-10T18:00,100
2024-12-10T19:00,100
2024-12-10T20:00,100
2024-12-10T21:00,100
2024-12-10T22:00,100
2024-12-10T23:00,100
2024-12-11T00:00,100
2024-12-11T01:00,100
2024-12-11T02:00,100
2024-12-11T03:00,100
2024-12-11T04:00,100
2024-12-11T05:00,100
2024-12-11T06:00,100
2024-12-11T07:00,100
2024-12-11T08:00,100
2024-12-11T09:00,100
2024-12-11T10:00,52
2024-12-11T11:00,100
2024-12-11T12:00,100
2024-12-11T13:00,98
2024-12-11T14:00,100
2024-12-11T15:00,100
2024-12-11T16:00,100
2024-12-11T17:00,100
2024-12-11T18:00,100
2024-12-11T19:00,88
2024-12-11T20:00,100
2024-12-11T21:00,100
2024-12-11T22:00,100
2024-12-11T23:00,100
2024-12-12T00:00,100
2024-12-12T01:00,100
2024-12-12T02:00,100
2024-12-12T03:00,100
2024-12-12T04:00,100
2024-12-12T05:00,100
2024-12-12T06:00,68
2024-12-12T07:00,99
2024-12-12T08:00,68
2024-12-12T09:00,52
2024-12-12T10:00,98
2024-12-12T11:00,100
2024-12-12T12:00,100
2024-12-12T13:00,100
2024-12-12T14:00,100
2024-12-12T15:00,100
2024-12-12T16:00,51
2024-12-12T17:00,85
2024-12-12T18:00,100
2024-12-12T19:00,100
2024-12-12T20:00,100
2024-12-12T21:00,92
2024-12-12T22:00,75
2024-12-12T23:00,93
2024-12-13T00:00,98
2024-12-13T01:00,100
2024-12-13T02:00,100
2024-12-13T03:00,100
2024-12-13T04:00,100
2024-12-13T05:00,99
2024-12-13T06:00,100
2024-12-13T07:00,100
2024-12-13T08:00,100
2024-12-13T09:00,99
2024-12-13T10:00,95
2024-12-13T11:00,86
2024-12-13T12:00,100
2024-12-13T13:00,87
2024-12-13T14:00,76
2024-12-13T15:00,97
2024-12-13T16:00,100
2024-12-13T17:00,41
2024-12-13T18:00,1
2024-12-13T19:00,0
2024-12-13T20:00,0
2024-12-13T21:00,0
2024-12-13T22:00,0
2024-12-13T23:00,0
2024-12-14T00:00,0
2024-12-14T01:00,0
2024-12-14T02:00,71
2024-12-14T03:00,100
2024-12-14T04:00,100
2024-12-14T05:00,100
2024-12-14T06:00,100
2024-12-14T07:00,100
2024-12-14T08:00,100
2024-12-14T09:00,100
2024-12-14T10:00,100
2024-12-14T11:00,100
2024-12-14T12:00,100
2024-12-14T13:00,100
2024-12-14T14:00,100
2024-12-14T15:00,100
2024-12-14T16:00,100
2024-12-14T17:00,100
2024-12-14T18:00,100
2024-12-14T19:00,100
2024-12-14T20:00,100
2024-12-14T21:00,100
2024-12-14T22:00,100
2024-12-14T23:00,100
2024-12-15T00:00,100
2024-12-15T01:00,100
2024-12-15T02:00,100
2024-12-15T03:00,100
2024-12-15T04:00,100
2024-12-15T05:00,100
2024-12-15T06:00,100
2024-12-15T07:00,100
2024-12-15T08:00,100
2024-12-15T09:00,100
2024-12-15T10:00,100
2024-12-15T11:00,100
2024-12-15T12:00,100
2024-12-15T13:00,100
2024-12-15T14:00,100
2024-12-15T15:00,100
2024-12-15T16:00,100
2024-12-15T17:00,100
2024-12-15T18:00,100
2024-12-15T19:00,100
2024-12-15T20:00,100
2024-12-15T21:00,100
2024-12-15T22:00,100
2024-12-15T23:00,100
2024-12-16T00:00,100
2024-12-16T01:00,100
2024-12-16T02:00,100
2024-12-16T03:00,100
2024-12-16T04:00,100
2024-12-16T05:00,100
2024-12-16T06:00,100
2024-12-16T07:00,100
2024-12-16T08:00,100
2024-12-16T09:00,100
2024-12-16T10:00,100
2024-12-16T11:00,100
2024-12-16T12:00,100
2024-12-16T13:00,100
2024-12-16T14:00,100
2024-12-16T15:00,100
2024-12-16T16:00,100
2024-12-16T17:00,100
2024-12-16T18:00,100
2024-12-16T19:00,100
2024-12-16T20:00,100
2024-12-16T21:00,100
2024-12-16T22:00,100
2024-12-16T23:00,100
2024-12-17T00:00,100
2024-12-17T01:00,100
2024-12-17T02:00,100
2024-12-17T03:00,100
2024-12-17T04:00,100
2024-12-17T05:00,100
2024-12-17T06:00,100
2024-12-17T07:00,100
2024-12-17T08:00,100
2024-12-17T09:00,100
2024-12-17T10:00,76
2024-12-17T11:00,49
2024-12-17T12:00,100
2024-12-17T13:00,100
2024-12-17T14:00,100
2024-12-17T15:00,100
2024-12-17T16:00,100
2024-12-17T17:00,100
2024-12-17T18:00,100
2024-12-17T19:00,100
2024-12-17T20:00,100
2024-12-17T21:00,100
2024-12-17T22:00,100
2024-12-17T23:00,100
2024-12-18T00:00,83
2024-12-18T01:00,87
2024-12-18T02:00,44
2024-12-18T03:00,93
2024-12-18T04:00,100
2024-12-18T05:00,94
2024-12-18T06:00,90
2024-12-18T07:00,100
2024-12-18T08:00,100
2024-12-18T09:00,100
2024-12-18T10:00,99
2024-12-18T11:00,95
2024-12-18T12:00,98
2024-12-18T13:00,97
2024-12-18T14:00,100
2024-12-18T15:00,100
2024-12-18T16:00,100
2024-12-18T17:00,100
2024-12-18T18:00,100
2024-12-18T19:00,100
2024-12-18T20:00,100
2024-12-18T21:00,100
2024-12-18T22:00,100
2024-12-18T23:00,100
2024-12-19T00:00,100
2024-12-19T01:00,100
2024-12-19T02:00,100
2024-12-19T03:00,100
2024-12-19T04:00,100
2024-12-19T05:00,100
2024-12-19T06:00,100
2024-12-19T07:00,100
2024-12-19T08:00,100
2024-12-19T09:00,100
2024-12-19T10:00,100
2024-12-19T11:00,92
2024-12-19T12:00,94
2024-12-19T13:00,100
2024-12-19T14:00,95
2024-12-19T15:00,68
2024-12-19T16:00,100
2024-12-19T17:00,100
2024-12-19T18:00,100
2024-12-19T19:00,100
2024-12-19T20:00,100
2024-12-19T21:00,100
2024-12-19T22:00,100
2024-12-19T23:00,100
2024-12-20T00:00,100
2024-12-20T01:00,100
2024-12-20T02:00,100
2024-12-20T03:00,100
2024-12-20T04:00,90
2024-12-20T05:00,22
2024-12-20T06:00,21
2024-12-20T07:00,20
2024-12-20T08:00,15
2024-12-20T09:00,3
2024-12-20T10:00,0
2024-12-20T11:00,0
2024-12-20T12:00,0
2024-12-20T13:00,22
2024-12-20T14:00,5
2024-12-20T15:00,99
2024-12-20T16:00,99
2024-12-20T17:00,99
2024-12-20T18:00,93
2024-12-20T19:00,30
2024-12-20T20:00,39
2024-12-20T21:00,26
2024-12-20T22:00,27
2024-12-20T23:00,100
2024-12-21T00:00,99
2024-12-21T01:00,75
2024-12-21T02:00,73
2024-12-21T03:00,100
2024-12-21T04:00,100
2024-12-21T05:00,100
2024-12-21T06:00,100
2024-12-21T07:00,100
2024-12-21T08:00,100
2024-12-21T09:00,100
2024-12-21T10:00,100
2024-12-21T11:00,100
2024-12-21T12:00,100
2024-12-21T13:00,100
2024-12-21T14:00,100
2024-12-21T15:00,100
2024-12-21T16:00,100
2024-12-21T17:00,100
2024-12-21T18:00,100
2024-12-21T19:00,100
2024-12-21T20:00,100
2024-12-21T21:00,100
2024-12-21T22:00,100
2024-12-21T23:00,100
2024-12-22T00:00,100
2024-12-22T01:00,100
2024-12-22T02:00,100
2024-12-22T03:00,100
2024-12-22T04:00,100
2024-12-22T05:00,100
2024-12-22T06:00,55
2024-12-22T07:00,93
2024-12-22T08:00,39
2024-12-22T09:00,70
2024-12-22T10:00,100
2024-12-22T11:00,100
2024-12-22T12:00,91
2024-12-22T13:00,97
2024-12-22T14:00,65
2024-12-22T15:00,100
2024-12-22T16:00,100
2024-12-22T17:00,22
2024-12-22T18:00,58
2024-12-22T19:00,100
2024-12-22T20:00,100
2024-12-22T21:00,100
2024-12-22T22:00,100
2024-12-22T23:00,100
2024-12-23T00:00,100
2024-12-23T01:00,100
2024-12-23T02:00,100
2024-12-23T03:00,100
2024-12-23T04:00,91
2024-12-23T05:00,43
2024-12-23T06:00,100
2024-12-23T07:00,100
2024-12-23T08:00,100
2024-12-23T09:00,100
2024-12-23T10:00,100
2024-12-23T11:00,100
2024-12-23T12:00,100
2024-12-23T13:00,100
2024-12-23T14:00,100
2024-12-23T15:00,97
2024-12-23T16:00,100
2024-12-23T17:00,98
2024-12-23T18:00,100
2024-12-23T19:00,100
2024-12-23T20:00,100
2024-12-23T21:00,100
2024-12-23T22:00,100
2024-12-23T23:00,100
2024-12-24T00:00,100
2024-12-24T01:00,100
2024-12-24T02:00,100
2024-12-24T03:00,100
2024-12-24T04:00,100
2024-12-24T05:00,100
2024-12-24T06:00,100
2024-12-24T07:00,100
2024-12-24T08:00,100
2024-12-24T09:00,100
2024-12-24T10:00,94
2024-12-24T11:00,100
2024-12-24T12:00,100
2024-12-24T13:00,100
2024-12-24T14:00,100
2024-12-24T15:00,100
2024-12-24T16:00,100
2024-12-24T17:00,100
2024-12-24T18:00,26
2024-12-24T19:00,20
2024-12-24T20:00,100
2024-12-24T21:00,100
2024-12-24T22:00,100
2024-12-24T23:00,88
2024-12-25T00:00,99
2024-12-25T01:00,15
2024-12-25T02:00,56
2024-12-25T03:00,19
2024-12-25T04:00,38
2024-12-25T05:00,7
2024-12-25T06:00,3
2024-12-25T07:00,10
2024-12-25T08:00,74
2024-12-25T09:00,100
2024-12-25T10:00,100
2024-12-25T11:00,100
2024-12-25T12:00,100
2024-12-25T13:00,100
2024-12-25T14:00,100
2024-12-25T15:00,100
2024-12-25T16:00,100
2024-12-25T17:00,100
2024-12-25T18:00,100
2024-12-25T19:00,100
2024-12-25T20:00,100
2024-12-25T21:00,100
2024-12-25T22:00,100
2024-12-25T23:00,100
2024-12-26T00:00,100
2024-12-26T01:00,100
2024-12-26T02:00,100
2024-12-26T03:00,100
2024-12-26T04:00,100
2024-12-26T05:00,100
2024-12-26T06:00,100
2024-12-26T07:00,100
2024-12-26T08:00,100
2024-12-26T09:00,100
2024-12-26T10:00,100
2024-12-26T11:00,100
2024-12-26T12:00,100
2024-12-26T13:00,100
2024-12-26T14:00,100
2024-12-26T15:00,100
2024-12-26T16:00,100
2024-12-26T17:00,100
2024-12-26T18:00,100
2024-12-26T19:00,100
2024-12-26T20:00,100
2024-12-26T21:00,100
2024-12-26T22:00,100
2024-12-26T23:00,100
2024-12-27T00:00,100
2024-12-27T01:00,100
2024-12-27T02:00,100
2024-12-27T03:00,100
2024-12-27T04:00,100
2024-12-27T05:00,100
2024-12-27T06:00,100
2024-12-27T07:00,100
2024-12-27T08:00,100
2024-12-27T09:00,100
2024-12-27T10:00,100
2024-12-27T11:00,100
2024-12-27T12:00,100
2024-12-27T13:00,100
2024-12-27T14:00,100
2024-12-27T15:00,100
2024-12-27T16:00,100
2024-12-27T17:00,94
2024-12-27T18:00,78
2024-12-27T19:00,68
2024-12-27T20:00,75
2024-12-27T21:00,96
2024-12-27T22:00,99
2024-12-27T23:00,100
2024-12-28T00:00,100
2024-12-28T01:00,100
2024-12-28T02:00,100
2024-12-28T03:00,100
2024-12-28T04:00,100
2024-12-28T05:00,100
2024-12-28T06:00,100
2024-12-28T07:00,100
2024-12-28T08:00,100
2024-12-28T09:00,100
2024-12-28T10:00,100
2024-12-28T11:00,100
2024-12-28T12:00,86
2024-12-28T13:00,100
2024-12-28T14:00,100
2024-12-28T15:00,100
2024-12-28T16:00,100
2024-12-28T17:00,96
2024-12-28T18:00,82
2024-12-28T19:00,50
2024-12-28T20:00,45
2024-12-28T21:00,41
2024-12-28T22:00,41
2024-12-28T23:00,29
2024-12-29T00:00,20
2024-12-29T01:00,12
2024-12-29T02:00,1
2024-12-29T03:00,1
2024-12-29T04:00,1
2024-12-29T05:00,4
2024-12-29T06:00,6
2024-12-29T07:00,21
2024-12-29T08:00,96
2024-12-29T09:00,100
2024-12-29T10:00,100
2024-12-29T11:00,100
2024-12-29T12:00,100
2024-12-29T13:00,100
2024-12-29T14:00,100
2024-12-29T15:00,100
2024-12-29T16:00,100
2024-12-29T17:00,100
2024-12-29T18:00,100
2024-12-29T19:00,100
2024-12-29T20:00,100
2024-12-29T21:00,100
2024-12-29T22:00,100
2024-12-29T23:00,100
2024-12-30T00:00,100
2024-12-30T01:00,100
2024-12-30T02:00,100
2024-12-30T03:00,100
2024-12-30T04:00,100
2024-12-30T05:00,100
2024-12-30T06:00,100
2024-12-30T07:00,100
2024-12-30T08:00,100
2024-12-30T09:00,100
2024-12-30T10:00,100
2024-12-30T11:00,100
2024-12-30T12:00,100
2024-12-30T13:00,100
2024-12-30T14:00,100
2024-12-30T15:00,100
2024-12-30T16:00,100
2024-12-30T17:00,100
2024-12-30T18:00,95
2024-12-30T19:00,100
2024-12-30T20:00,96
2024-12-30T21:00,76
2024-12-30T22:00,30
2024-12-30T23:00,40
2024-12-31T00:00,83
2024-12-31T01:00,40
2024-12-31T02:00,12
2024-12-31T03:00,41
2024-12-31T04:00,100
2024-12-31T05:00,100
2024-12-31T06:00,100
2024-12-31T07:00,100
2024-12-31T08:00,99
2024-12-31T09:00,94
2024-12-31T10:00,69
2024-12-31T11:00,17
2024-12-31T12:00,7
2024-12-31T13:00,4
2024-12-31T14:00,3
2024-12-31T15:00,10
2024-12-31T16:00,91
2024-12-31T17:00,93
2024-12-31T18:00,100
2024-12-31T19:00,100
2024-12-31T20:00,100
2024-12-31T21:00,100
2024-12-31T22:00,100
2024-12-31T23:00,100
2025-01-01T00:00,100
2025-01-01T01:00,100
2025-01-01T02:00,100
2025-01-01T03:00,100
2025-01-01T04:00,100
2025-01-01T05:00,100
2025-01-01T06:00,100
2025-01-01T07:00,100
2025-01-01T08:00,100
2025-01-01T09:00,100
2025-01-01T10:00,100
2025-01-01T11:00,100
2025-01-01T12:00,100
2025-01-01T13:00,100
2025-01-01T14:00,100
2025-01-01T15:00,100
2025-01-01T16:00,100
2025-01-01T17:00,100
2025-01-01T18:00,100
2025-01-01T19:00,100
2025-01-01T20:00,100
2025-01-01T21:00,100
2025-01-01T22:00,100
2025-01-01T23:00,100
2025-01-02T00:00,100
2025-01-02T01:00,100
2025-01-02T02:00,100
2025-01-02T03:00,100
2025-01-02T04:00,100
2025-01-02T05:00,100
2025-01-02T06:00,100
2025-01-02T07:00,100
2025-01-02T08:00,100
2025-01-02T09:00,100
2025-01-02T10:00,50
2025-01-02T11:00,0
2025-01-02T12:00,8
2025-01-02T13:00,10
2025-01-02T14:00,31
2025-01-02T15:00,33
2025-01-02T16:00,49
2025-01-02T17:00,6
2025-01-02T18:00,6
2025-01-02T19:00,20
2025-01-02T20:00,25
2025-01-02T21:00,44
2025-01-02T22:00,72
2025-01-02T23:00,53
2025-01-03T00:00,100
2025-01-03T01:00,100
2025-01-03T02:00,100
2025-01-03T03:00,100
2025-01-03T04:00,100
2025-01-03T05:00,100
2025-01-03T06:00,100
2025-01-03T07:00,100
2025-01-03T08:00,100
2025-01-03T09:00,62
2025-01-03T10:00,39
2025-01-03T11:00,100
2025-01-03T12:00,100
2025-01-03T13:00,100
2025-01-03T14:00,100
2025-01-03T15:00,96
2025-01-03T16:00,12
2025-01-03T17:00,1
2025-01-03T18:00,0
2025-01-03T19:00,0
2025-01-03T20:00,0
2025-01-03T21:00,0
2025-01-03T22:00,0
2025-01-03T23:00,12
2025-01-04T00:00,2
2025-01-04T01:00,21
2025-01-04T02:00,36
2025-01-04T03:00,25
2025-01-04T04:00,36
2025-01-04T05:00,23
2025-01-04T06:00,6
2025-01-04T07:00,52
2025-01-04T08:00,100
2025-01-04T09:00,100
2025-01-04T10:00,100
2025-01-04T11:00,100
2025-01-04T12:00,100
2025-01-04T13:00,100
2025-01-04T14:00,100
2025-01-04T15:00,99
2025-01-04T16:00,43
2025-01-04T17:00,25
2025-01-04T18:00,98
2025-01-04T19:00,29
2025-01-04T20:00,37
2025-01-04T21:00,100
2025-01-04T22:00,93
2025-01-04T23:00,100
2025-01-05T00:00,100
2025-01-05T01:00,100
2025-01-05T02:00,100
2025-01-05T03:00,100
2025-01-05T04:00,100
2025-01-05T05:00,100
2025-01-05T06:00,100
2025-01-05T07:00,100
2025-01-05T08:00,100
2025-01-05T09:00,100
2025-01-05T10:00,100
2025-01-05T11:00,100
2025-01-05T12:00,100
2025-01-05T13:00,100
2025-01-05T14:00,100
2025-01-05T15:00,100
2025-01-05T16:00,100
2025-01-05T17:00,100
2025-01-05T18:00,100
2025-01-05T19:00,100
2025-01-05T20:00,100
2025-01-05T21:00,100
2025-01-05T22:00,100
2025-01-05T23:00,100
2025-01-06T00:00,100
2025-01-06T01:00,100
2025-01-06T02:00,100
2025-01-06T03:00,100
2025-01-06T04:00,100
2025-01-06T05:00,100
2025-01-06T06:00,100
2025-01-06T07:00,100
2025-01-06T08:00,100
2025-01-06T09:00,100
2025-01-06T10:00,100
2025-01-06T11:00,100
2025-01-06T12:00,100
2025-01-06T13:00,100
2025-01-06T14:00,100
2025-01-06T15:00,29
2025-01-06T16:00,39
2025-01-06T17:00,52
2025-01-06T18:00,87
2025-01-06T19:00,35
2025-01-06T20:00,93
2025-01-06T21:00,36
2025-01-06T22:00,97
2025-01-06T23:00,81
2025-01-07T00:00,86
2025-01-07T01:00,100
2025-01-07T02:00,100
2025-01-07T03:00,100
2025-01-07T04:00,100
2025-01-07T05:00,100
2025-01-07T06:00,100
2025-01-07T07:00,100
2025-01-07T08:00,33
2025-01-07T09:00,38
2025-01-07T10:00,7
2025-01-07T11:00,14
2025-01-07T12:00,9
2025-01-07T13:00,46
2025-01-07T14:00,19
2025-01-07T15:00,100
2025-01-07T16:00,100
2025-01-07T17:00,99
2025-01-07T18:00,94
2025-01-07T19:00,5
2025-01-07T20:00,100
2025-01-07T21:00,100
2025-01-07T22:00,87
2025-01-07T23:00,21
2025-01-08T00:00,62
2025-01-08T01:00,30
2025-01-08T02:00,90
2025-01-08T03:00,76
2025-01-08T04:00,99
2025-01-08T05:00,97
2025-01-08T06:00,8
2025-01-08T07:00,13
2025-01-08T08:00,57
2025-01-08T09:00,100
2025-01-08T10:00,96
2025-01-08T11:00,67
2025-01-08T12:00,72
2025-01-08T13:00,11
2025-01-08T14:00,13
2025-01-08T15:00,1
2025-01-08T16:00,13
2025-01-08T17:00,36
2025-01-08T18:00,33
2025-01-08T19:00,38
2025-01-08T20:00,24
2025-01-08T21:00,100
2025-01-08T22:00,100
2025-01-08T23:00,100
2025-01-09T00:00,100
2025-01-09T01:00,100
2025-01-09T02:00,100
2025-01-09T03:00,100
2025-01-09T04:00,100
2025-01-09T05:00,100
2025-01-09T06:00,100
2025-01-09T07:00,100
2025-01-09T08:00,100
2025-01-09T09:00,100
2025-01-09T10:00,100
2025-01-09T11:00,100
2025-01-09T12:00,100
2025-01-09T13:00,100
2025-01-09T14:00,100
2025-01-09T15:00,100
2025-01-09T16:00,100
2025-01-09T17:00,100
2025-01-09T18:00,100
2025-01-09T19:00,100
2025-01-09T20:00,100
2025-01-09T21:00,100
2025-01-09T22:00,100
2025-01-09T23:00,100
2025-01-10T00:00,100
2025-01-10T01:00,100
2025-01-10T02:00,100
2025-01-10T03:00,100
2025-01-10T04:00,100
2025-01-10T05:00,100
2025-01-10T06:00,100
2025-01-10T07:00,100
2025-01-10T08:00,100
2025-01-10T09:00,100
2025-01-10T10:00,100
2025-01-10T11:00,100
2025-01-10T12:00,100
2025-01-10T13:00,100
2025-01-10T14:00,100
2025-01-10T15:00,100
2025-01-10T16:00,100
2025-01-10T17:00,99
2025-01-10T18:00,100
2025-01-10T19:00,39
2025-01-10T20:00,100
2025-01-10T21:00,100
2025-01-10T22:00,100
2025-01-10T23:00,99
2025-01-11T00:00,97
2025-01-11T01:00,60
2025-01-11T02:00,100
2025-01-11T03:00,100
2025-01-11T04:00,94
2025-01-11T05:00,100
2025-01-11T06:00,100
2025-01-11T07:00,100
2025-01-11T08:00,100
2025-01-11T09:00,100
2025-01-11T10:00,100
2025-01-11T11:00,100
2025-01-11T12:00,100
2025-01-11T13:00,100
2025-01-11T14:00,100
2025-01-11T15:00,100
2025-01-11T16:00,100
2025-01-11T17:00,100
2025-01-11T18:00,100
2025-01-11T19:00,100
2025-01-11T20:00,100
2025-01-11T21:00,100
2025-01-11T22:00,100
2025-01-11T23:00,100
2025-01-12T00:00,100
2025-01-12T01:00,100
2025-01-12T02:00,100
2025-01-12T03:00,96
2025-01-12T04:00,30
2025-01-12T05:00,13
2025-01-12T06:00,3
2025-01-12T07:00,4
2025-01-12T08:00,99
2025-01-12T09:00,98
2025-01-12T10:00,46
2025-01-12T11:00,92
2025-01-12T12:00,96
2025-01-12T13:00,88
2025-01-12T14:00,72
2025-01-12T15:00,85
2025-01-12T16:00,91
2025-01-12T17:00,63
2025-01-12T18:00,16
2025-01-12T19:00,88
2025-01-12T20:00,93
2025-01-12T21:00,92
2025-01-12T22:00,100
2025-01-12T23:00,52
2025-01-13T00:00,0
2025-01-13T01:00,76
2025-01-13T02:00,76
2025-01-13T03:00,23
2025-01-13T04:00,10
2025-01-13T05:00,0
2025-01-13T06:00,1
2025-01-13T07:00,1
2025-01-13T08:00,0
2025-01-13T09:00,0
2025-01-13T10:00,72
2025-01-13T11:00,97
2025-01-13T12:00,99
2025-01-13T13:00,100
2025-01-13T14:00,100
2025-01-13T15:00,98
2025-01-13T16:00,99
2025-01-13T17:00,54
2025-01-13T18:00,95
2025-01-13T19:00,23
2025-01-13T20:00,100
2025-01-13T21:00,97
2025-01-13T22:00,100
2025-01-13T23:00,100
2025-01-14T00:00,32
2025-01-14T01:00,96
2025-01-14T02:00,51
2025-01-14T03:00,92
2025-01-14T04:00,95
2025-01-14T05:00,100
2025-01-14T06:00,78
2025-01-14T07:00,100
2025-01-14T08:00,100
2025-01-14T09:00,100
2025-01-14T10:00,100
2025-01-14T11:00,100
2025-01-14T12:00,100
2025-01-14T13:00,100
2025-01-14T14:00,100
2025-01-14T15:00,100
2025-01-14T16:00,100
2025-01-14T17:00,100
2025-01-14T18:00,100
2025-01-14T19:00,100
2025-01-14T20:00,100
2025-01-14T21:00,100
2025-01-14T22:00,100
2025-01-14T23:00,100
2025-01-15T00:00,100
2025-01-15T01:00,100
2025-01-15T02:00,100
2025-01-15T03:00,100
2025-01-15T04:00,100
2025-01-15T05:00,100
2025-01-15T06:00,100
2025-01-15T07:00,100
2025-01-15T08:00,100
2025-01-15T09:00,100
2025-01-15T10:00,100
2025-01-15T11:00,100
2025-01-15T12:00,100
2025-01-15T13:00,100
2025-01-15T14:00,100
2025-01-15T15:00,100
2025-01-15T16:00,100
2025-01-15T17:00,100
2025-01-15T18:00,100
2025-01-15T19:00,100
2025-01-15T20:00,100
2025-01-15T21:00,100
2025-01-15T22:00,100
2025-01-15T23:00,100
2025-01-16T00:00,100
2025-01-16T01:00,100
2025-01-16T02:00,100
2025-01-16T03:00,100
2025-01-16T04:00,100
2025-01-16T05:00,100
2025-01-16T06:00,100
2025-01-16T07:00,100
2025-01-16T08:00,100
2025-01-16T09:00,100
2025-01-16T10:00,100
2025-01-16T11:00,100
2025-01-16T12:00,100
2025-01-16T13:00,100
2025-01-16T14:00,100
2025-01-16T15:00,100
2025-01-16T16:00,100
2025-01-16T17:00,100
2025-01-16T18:00,100
2025-01-16T19:00,62
2025-01-16T20:00,37
2025-01-16T21:00,34
2025-01-16T22:00,34
2025-01-16T23:00,43
2025-01-17T00:00,3
2025-01-17T01:00,13
2025-01-17T02:00,17
2025-01-17T03:00,11
2025-01-17T04:00,34
2025-01-17T05:00,98
2025-01-17T06:00,100
2025-01-17T07:00,100
2025-01-17T08:00,100
2025-01-17T09:00,100
2025-01-17T10:00,100
2025-01-17T11:00,100
2025-01-17T12:00,100
2025-01-17T13:00,100
2025-01-17T14:00,94
2025-01-17T15:00,38
2025-01-17T16:00,4
2025-01-17T17:00,3
2025-01-17T18:00,5
2025-01-17T19:00,14
2025-01-17T20:00,24
2025-01-17T21:00,40
2025-01-17T22:00,30
2025-01-17T23:00,91
2025-01-18T00:00,88
2025-01-18T01:00,42
2025-01-18T02:00,100
2025-01-18T03:00,100
2025-01-18T04:00,100
2025-01-18T05:00,100
2025-01-18T06:00,100
2025-01-18T07:00,100
2025-01-18T08:00,100
2025-01-18T09:00,100
2025-01-18T10:00,100
2025-01-18T11:00,100
2025-01-18T12:00,100
2025-01-18T13:00,100
2025-01-18T14:00,33
2025-01-18T15:00,81
2025-01-18T16:00,16
2025-01-18T17:00,3
2025-01-18T18:00,0
2025-01-18T19:00,0
2025-01-18T20:00,0
2025-01-18T21:00,0
2025-01-18T22:00,0
2025-01-18T23:00,0
2025-01-19T00:00,0
2025-01-19T01:00,0
2025-01-19T02:00,0
2025-01-19T03:00,0
2025-01-19T04:00,0
2025-01-19T05:00,0
2025-01-19T06:00,0
2025-01-19T07:00,0
2025-01-19T08:00,0
2025-01-19T09:00,0
2025-01-19T10:00,0
2025-01-19T11:00,0
2025-01-19T12:00,0
2025-01-19T13:00,0
2025-01-19T14:00,15
2025-01-19T15:00,9
2025-01-19T16:00,26
2025-01-19T17:00,27
2025-01-19T18:00,58
2025-01-19T19:00,82
2025-01-19T20:00,1
2025-01-19T21:00,0
2025-01-19T22:00,0
2025-01-19T23:00,0
2025-01-20T00:00,0
2025-01-20T01:00,0
2025-01-20T02:00,0
2025-01-20T03:00,0
2025-01-20T04:00,0
2025-01-20T05:00,0
2025-01-20T06:00,0
2025-01-20T07:00,0
2025-01-20T08:00,0
2025-01-20T09:00,0
2025-01-20T10:00,3
2025-01-20T11:00,54
2025-01-20T12:00,100
2025-01-20T13:00,100
2025-01-20T14:00,100
2025-01-20T15:00,98
2025-01-20T16:00,91
2025-01-20T17:00,80
2025-01-20T18:00,31
2025-01-20T19:00,12
2025-01-20T20:00,3
2025-01-20T21:00,0
2025-01-20T22:00,0
2025-01-20T23:00,66
2025-01-21T00:00,91
2025-01-21T01:00,100
2025-01-21T02:00,100
2025-01-21T03:00,100
2025-01-21T04:00,100
2025-01-21T05:00,100
2025-01-21T06:00,100
2025-01-21T07:00,100
2025-01-21T08:00,100
2025-01-21T09:00,100
2025-01-21T10:00,100
2025-01-21T11:00,100
2025-01-21T12:00,73
2025-01-21T13:00,92
2025-01-21T14:00,86
2025-01-21T15:00,26
2025-01-21T16:00,17
2025-01-21T17:00,2
2025-01-21T18:00,0
2025-01-21T19:00,0
2025-01-21T20:00,0
2025-01-21T21:00,1
2025-01-21T22:00,7
2025-01-21T23:00,8
2025-01-22T00:00,10
2025-01-22T01:00,0
2025-01-22T02:00,50
2025-01-22T03:00,0
2025-01-22T04:00,98
2025-01-22T05:00,53
2025-01-22T06:00,69
2025-01-22T07:00,100
2025-01-22T08:00,100
2025-01-22T09:00,99
2025-01-22T10:00,100
2025-01-22T11:00,100
2025-01-22T12:00,100
2025-01-22T13:00,100
2025-01-22T14:00,100
2025-01-22T15:00,100
2025-01-22T16:00,100
2025-01-22T17:00,53
2025-01-22T18:00,100
2025-01-22T19:00,50
2025-01-22T20:00,93
2025-01-22T21:00,100
2025-01-22T22:00,100
2025-01-22T23:00,100
2025-01-23T00:00,100
2025-01-23T01:00,100
2025-01-23T02:00,100
2025-01-23T03:00,100
2025-01-23T04:00,100
2025-01-23T05:00,100
2025-01-23T06:00,100
2025-01-23T07:00,100
2025-01-23T08:00,100
2025-01-23T09:00,100
2025-01-23T10:00,100
2025-01-23T11:00,100
2025-01-23T12:00,100
2025-01-23T13:00,100
2025-01-23T14:00,32
2025-01-23T15:00,100
2025-01-23T16:00,72
2025-01-23T17:00,100
2025-01-23T18:00,69
2025-01-23T19:00,31
2025-01-23T20:00,5
2025-01-23T21:00,100
2025-01-23T22:00,100
2025-01-23T23:00,100
2025-01-24T00:00,100
2025-01-24T01:00,100
2025-01-24T02:00,73
2025-01-24T03:00,68
2025-01-24T04:00,100
2025-01-24T05:00,98
2025-01-24T06:00,100
2025-01-24T07:00,100
2025-01-24T08:00,51
2025-01-24T09:00,46
2025-01-24T10:00,100
2025-01-24T11:00,95
2025-01-24T12:00,100
2025-01-24T13:00,100
2025-01-24T14:00,100
2025-01-24T15:00,100
2025-01-24T16:00,100
2025-01-24T17:00,100
2025-01-24T18:00,100
2025-01-24T19:00,100
2025-01-24T20:00,100
2025-01-24T21:00,100
2025-01-24T22:00,100
2025-01-24T23:00,100
2025-01-25T00:00,100
2025-01-25T01:00,100
2025-01-25T02:00,100
2025-01-25T03:00,100
2025-01-25T04:00,100
2025-01-25T05:00,98
2025-01-25T06:00,100
2025-01-25T07:00,100
2025-01-25T08:00,100
2025-01-25T09:00,100
2025-01-25T10:00,100
